company_name,job_title,location,page_number,posted_time,search_keyword,technologies,years_of_experience
Lumin -,Commercial Director - Experience in Software,"Sheikh Zayed,",0,,software,"·,Sales,·,IT,·,Business Development,·,Commercial Sales,·,Commercial",
Roaya -,Sales Software Account Manager,"Maadi,",0,,software,"·,Computer Science,·,Customer Service,·,Engineering,·,Sales,·,Sales Target,·,IT,·,sales skills",
BDO Esnad -,Software Developer,"Maadi,",0,,software,"·,Reporting",
Bevatel -,Senior Software Sales Specialist,"Dokki,",0,,software,"·,CRM,·,sales skills,·,Negotiation,·,negotiation skills,·,Information Technology (IT),·,IT,·,Sales",
Softec Technologies -,Software Application Support Engineer,"Maadi,",0,,software,"·,Engineering,·,Technical Support,·,Information Technology (IT),·,Computer Science,·,Troubleshooting,·,Networking,·,English",
Quanvex -,Software Sales Rep,"Sheikh Zayed,",0,,software,"·,sales skills,·,CRM,·,Information Technology (IT),·,IT,·,Sales",
Lecico Egypt -,BI software adminstrator,"Alexandria,",0,,software,"·,BI,·,Computer Science,·,Data Science,·,Information Technology (IT)",
Guestna -,Software Development Manager - Remote (Full Time / Part Time),"Riyadh,",0,10 days,software,"·,Computer Science,·,DevOps,·,Development,·,APIs,·,Agile,·,Information Technology (IT)",
CompactSoft International  -,Software Developer .NET (Backoffice / Backend),"Nasr City,",0,,software,"·,ASP.Net,·,Computer Engineering,·,Engineering,·,.Net,·,Information Technology (IT),·,SQL,·,Web Development",
Our Education -,Senior Software Tester,"Nasr City,",0,,software,"·,Computer Science,·,Test Automation,·,Engineering,·,Information Technology (IT),·,Quality Control,·,Selenium,·,Quality",
Code SA Ltd -,Senior Software Engineer,"Cambridge,",0,,software,"·,Python,·,APIs,·,Docker,·,React.js,·,Flask,·,FastAPI,·,Django",
MCBS -,Sales Executive – Software,"Mokattam,",0,11 days,software,"·,Sales,·,B2B Sales,·,Negotiation,·,sales skills,·,Sales Target,·,Communication",
Landmarks consulting solutions CO  -,Software Sales Account Executive – ERP Systems,"Maadi,",0,10 days,software,"·,Customer Support,·,Technical Support,·,ERP System,·,CRM System,·,Business Administration,·,Business Development",
Route ِAcademy -,Software Testing Instructor,"Alexandria,",0,11 days,software,"·,Teaching & Instruction,·,Communication & Presentation Skills,·,Student Support & Feedback",
Tafeel -,Software Engineer,"Riyadh,",0,12 days,software,"·,Quality Assurance,·,Information Technology (IT),·,ISTQB,·,Computer Science,·,Testing",
Softxpert Incorporation  -,Senior Python Developer,"Bolkly,",0,18 days,python,"·,APIs,·,Angular,·,Software Development,·,Software Engineering,·,Web Development,·,MySQL",
Softec Technologies -,Python Team Lead - AI & Python Engineering,"Cairo,",0,19 days,python,"·,API,·,AWS,·,Communication skills,·,Computer Science,·,Development,·,Docker,·,Engineering",
Luxoft (A DXC Technology Company) -,Python Automation Engineer,"Cairo,",0,1 month,python,"·,API,·,Computer Science,·,Information Technology (IT),·,JIRA,·,Selenium,·,Software Development,·,Testing",
Luxoft (A DXC Technology Company) -,Senior Python Automation Engineer,"Cairo,",0,1 month,python,"·,ALM,·,API,·,API Testing,·,Information Technology (IT),·,Git,·,Computer Science,·,Development,·,JIRA",
OTIC -,Python Backend Developer – AI & Chatbots,"New Cairo,",0,2 months,python,"·,Database,·,Computer Science,·,Azure,·,APIs,·,Software Development,·,Oracle,·,Django",
WUZZUF -,Data Analysis Manager,"Maadi,",0,,python,"·,Analysis,·,business,·,Computer Engineering,·,Computer Science,·,Data Analysis,·,Engineering,·,Microsoft Excel",
Code SA Ltd -,Senior Software Engineer,"Cambridge,",0,,python,"·,APIs,·,Docker,·,React.js,·,Flask,·,FastAPI,·,Django,·,Software Development",
أكاديمية ابداع للتدريب والاستشارات (Ibdaa Academy) -,Engineer,"Bourj Alarab,",0,10 days,python,"·,Computer Science,·,Engineering,·,Information Technology (IT),·,Arduino,·,Teaching,·,Development",
Alshaya -,Senior Manager - Data Analytics,"Nasr City,",0,,python,"·,Data Analytics,·,CRM,·,Quantitative Research,·,Commercial Analysis,·,Performance Measurement,·,Loyalty Programme,·,Performance Analytics,·,Loyalty Programme Analytics",
DARKNESSIA -,Odoo Developer,"6th of October,",0,,python,"·,Computer Science,·,Development,·,Odoo,·,Programming,·,Information Technology (IT),·,Odoo Development",
Alfa Software -,Odoo Developer,"Hurghada,",0,,python,"·,Odoo,·,Odoo Development,·,Odoo ERP,·,Computer Science,·,Information Technology (IT)",
softprimes -,Odoo Developer (80% Remote),"Nasr City,",0,,python,"·,HTML5,·,Software Development,·,Full Stack,·,Odoo",
Algoriza -,Senior Devops Engineer,"Giza,",0,,python,"·,Azure,·,AWS,·,Cloud,·,Computer Science,·,DevOps,·,Docker,·,Engineering,·,Information Technology (IT)",
Lumin -,Senior AI Engineer,"Sheikh Zayed,",0,,python,"·,AI,·,Artificial Intelligence,·,Computer Vision,·,Machine Learning,·,TensorFlow,·,Computer Science,·,Programming,·,PyTorch",
Smicolon GmbH -,Senior Full Stack Engineer,"Munich,",0,,python,"·,Full Stack,·,Git,·,Computer Science,·,APIs,·,Information Technology (IT),·,Java,·,JavaScript",
Vooteam -,Senior Backend Developer (Node.js - Nest.js - Postgres - Kafka),"Nasr City,",0,,backend,"·,Node.js,·,PostgreSQL,·,Nest.js,·,Kafka,·,Typescript,·,JavaScript,·,Express.js,·,NEST",
Devency   -,Backend Engineer,"Nozha,",0,,backend,"·,Software Development,·,Engineering,·,Typescript,·,Node.js,·,NoSQL,·,SQL,·,Software Engineering",
bluworks  -,Senior Backend Developer,"Maadi,",0,,backend,"·,Software Development,·,Software Engineering",
Spark Systems -,Back-end .NET Core Developer,"Sheikh Zayed,",0,13 days,backend,"·,.Net,·,.net core,·,ASP,·,ASP.Net,·,Information Technology (IT),·,Software Development,·,Computer Science,·,Software Engineering",
WUZZUF -,Backend Developer,"Maadi,",0,,backend,"·,Computer Science,·,developer,·,Information Technology (IT),·,Software Development,·,senior,·,Software Engineering",
brmja tech -,Backend Developer,"Faisal,",0,11 days,backend,"·,Laravel,·,PHP,·,Mysql Database,·,Computer Programs,·,Computer Science,·,Information Technology (IT),·,Microsoft Programs,·,SQL",
Monglish Academy -,Backend Developer,"Alexandria,",0,12 days,backend,"·,Computer Science,·,Information Technology (IT),·,Engineering,·,Software",
TXG. -,Senior Backend Developer (Node.js),"Cairo,",0,15 days,backend,"·,API,·,CI/CD,·,Github,·,PostgreSQL,·,REST,·,Fastify,·,Node.js,·,Typescript",
Confidential -,Backend Team Lead,"Smouha,",0,17 days,backend,"·,Communication skills,·,Scrum,·,Java,·,Spring Boot,·,Microservices Architecture",
CompactSoft International  -,Software Developer .NET (Backoffice / Backend),"Nasr City,",0,,backend,"·,ASP.Net,·,Computer Engineering,·,Engineering,·,.Net,·,Information Technology (IT),·,Software Development,·,SQL,·,Web Development",
E-Jawdah -,Back-end Team Lead,"Nasr City,",0,14 days,backend,"·,PHP,·,RESTful APIs.,·,Git,·,HTML,·,JavaScript,·,CSS,·,Ruby",
HiRemoters -,Spring Boot BackEnd Developer /Freelancer OR Full Time,"Cairo,",0,,backend,"·,Computer Engineering,·,Computer Science,·,Java,·,MongoDB,·,Spring,·,API",
ISTQSERVERS  -,Senior Backend Developer,"Maadi,",0,10 days,backend,"·,PHP,·,Node.js,·,Linux,·,MySQL",
TXG  -,Mid - Senior Backend Developer (Node.js),"Cairo,",0,14 days,backend,"·,Git,·,TypeScript,·,API,·,PostgreSQL,·,Github,·,CI/CD,·,Node.js,·,Fastify,·,REST",
Vijua -,Back-end Developer (PHP),"6th of October,",0,12 days,backend,"·,PHP,·,Software Development,·,Git,·,Computer Science,·,Computer Engineering,·,OOP,·,MySQL,·,JavaScript",
Vooteam -,Senior Frontend Developer (React - React Native - NextJs),"Nasr City,",0,,frontend,"·,Information Technology (IT),·,JavaScript,·,React,·,NextJs,·,Tailwindcss,·,Agile,·,APIs",
Aria Systems -,Senior Front-End Developer (Angular ),"Maadi,",0,8 days,frontend,"·,Information Technology (IT),·,Telecommunication,·,Computer Science,·,.NET,·,.NET Development,·,Angular,·,CSS,·,HTML5",
34ML -,Vue.Js Frontend Developer,"Heliopolis,",0,,frontend,"·,Software Development,·,Information Technology (IT),·,REST,·,Mobile Development,·,Objective-C,·,Software Design,·,UI",
Ultimate Solutions Egypt -,Senior Front-End Angular Developer,"Victoria,",0,15 days,frontend,"·,Angular,·,APIs,·,Computer Science,·,CSS3,·,Design,·,Git",
HiRemoters -,Angular Front-End Developer,"Cairo,",0,,frontend,"·,Angular,·,Computer Engineering,·,Computer Science,·,CSS,·,HTML,·,JavaScript,·,MySQL,·,AngularJS",
Confidential -,Frontend Team Lead,"Smouha,",0,17 days,frontend,"·,Agile Scrum,·,Angular,·,Communication skills,·,JavaScript,·,UI/UX design,·,DevOps,·,Dockerm Kubernetes",
TXG  -,Senior Frontend Developer (React),"Cairo,",0,15 days,frontend,"·,Git,·,React,·,TypeScript,·,RESTful APIs,·,HTML5,·,CSS3,·,Code,·,Computer Science",
Smartly -,"Front-End Developer (Blazor, React, Vue, Angular)","Nasr City,",0,19 days,frontend,"·,Blazor,·,React,·,Vue.js",
Devency   -,Frontend Engineer,"New Nozha,",0,26 days,frontend,"·,Software Development,·,Engineering,·,React,·,React.js,·,UI,·,Typescript,·,Agile",
SellAbroad -,Frontend Engineer,"New Cairo,",0,1 month,frontend,"·,Agile,·,JavaScript,·,React,·,typescript,·,tailwind",
Egabi FSI -,Senior Frontend Developer- Angular,"Sheraton,",0,1 month,frontend,"·,Computer Science,·,Information Technology (IT),·,javaScript,·,CSS,·,CSS3,·,Software Development,·,Angular2+,·,Angular",
Osus Group  -,Frontend Developer - Fully Remote Job,"Cairo,",0,1 month,frontend,"·,CSS3,·,Computer Science,·,Software Development,·,Software Engineering,·,HTML5,·,Information Technology (IT),·,JavaScript",
InaWaks -,Frontend Developer,"Cairo,",0,1 month,frontend,"·,React,·,JavaScript,·,Information Technology (IT),·,HTML,·,CSS,·,Web Development,·,Software Development",
MIBA LLC -,Full-Stack Developer (Front-End & Back-End),"10th of Ramadan City,",0,1 month,frontend,"·,c++,·,CSS,·,HTML,·,MongoDB,·,Python,·,Node.js,·,JavaScript",
النورس للتجاره  -,Senior Frontend Developer,"New Nozha,",0,1 month,frontend,"·,Angular,·,Computer Science,·,Design,·,Git,·,CSS,·,HTML,·,Information Technology (IT),·,JavaScript,·,React",
HYVE Technology Consulting  -,Data Scientist,"Cairo,",0,18 days,Data scientist,"·,Computer Science,·,Engineering,·,Hadoop,·,Information Technology (IT),·,Java,·,Python",
BrickRed Technologies -,Senior Data Scientist / Data Scientist – Data & AI Practice,"Cairo,",0,2 months,Data scientist,,
DOT Information Technology -,Senior Data Scientist,"New Cairo,",0,2 months,Data scientist,"·,Machine Learning,·,Information Technology (IT),·,Programming,·,NLP",
Alshaya -,Senior Manager - Data Analytics,"Nasr City,",0,,Data scientist,"·,CRM,·,Quantitative Research,·,Commercial Analysis,·,Performance Measurement,·,Loyalty Programme,·,Performance Analytics,·,Loyalty Programme Analytics",
HYVE Technology Consulting  -,Data Engineer,"Cairo,",0,18 days,Data scientist,"·,Computer Engineering,·,Computer Science,·,Engineering,·,Ibm,·,Information Technology (IT)",
Alshaya -,Manager - Data Analytics,"Cairo,",0,1 month,Data scientist,"·,Business Analysis,·,Reporting,·,Analysis",
BI-Technologies -,Senior Power BI Developer,"New Cairo,",0,2 months,Data scientist,"·,Computer Science,·,Power BI,·,SSRS,·,BI,·,SQL,·,Microsoft Power BI,·,Engineering",
BrickRed Technologies -,Sr. Data Engineer,"Cairo,",0,2 months,Data scientist,"·,cloudera,·,Computer Science,·,Banking,·,SQL,·,Information Technology (IT),·,Engineering",
Confidential -,Data Analyst,"New Cairo,",0,2 months,Data scientist,"·,Computer Science,·,Engineering,·,Information Technology (IT)",
Lumin -,Senior AI Engineer,"Sheikh Zayed,",0,,Data scientist,"·,AI,·,Artificial Intelligence,·,Computer Vision,·,Machine Learning,·,TensorFlow,·,Python,·,Computer Science,·,Programming,·,PyTorch",
CodeCooks -,Full Stack Developer,"New Cairo,",0,13 days,Data scientist,"·,Full Stack Developer,·,Information Technology (IT),·,Computer Science,·,Software Development,·,Full Stack",
OTIC -,Python Backend Developer – AI & Chatbots,"New Cairo,",0,2 months,Data scientist,"·,Python Backend Developer,·,Database,·,Computer Science,·,Azure,·,APIs,·,Software Development,·,Oracle,·,Python,·,Django",
Cherwell Associates -,Full Stack Developer,"Zamalek,",0,2 months,Data scientist,"·,Full Stack,·,JavaScript,·,HTML,·,React,·,Software Development,·,MySQL,·,Angular,·,Computer Science",
ISST-FIBER OCEAN -,Sales Engineer (Data Center solution),"Maadi,",0,,Data engineer,"·,Sales,·,Sales Field",
HYVE Technology Consulting  -,Data Engineer,"Cairo,",0,18 days,Data engineer,"·,Computer Science,·,Ibm,·,Information Technology (IT)",
WUZZUF -,Data Analysis Manager,"Maadi,",0,,Data engineer,"·,Analysis,·,business,·,Computer Science,·,Microsoft Excel",
COB Solution  -,Data Engineer,"Maadi,",0,1 month,Data engineer,"·,Computer Science,·,Development,·,Python",
UNI Power -,Sales Engineer,"6th of October,",0,12 days,Data engineer,"·,Ups,·,solar,·,Electrical,·,Solar Energy",
Wadi Group -,IT OS & Data Base Expert,"Sheikh Zayed,",0,14 days,Data engineer,"·,Computer Science,·,DBMS,·,Information Technology (IT),·,Linux,·,Oracle,·,SOA,·,Software Development",
HYVE Technology Consulting  -,Data Scientist,"Cairo,",0,18 days,Data engineer,"·,Computer Science,·,Hadoop,·,Information Technology (IT),·,Java,·,Python",
HYVE Technology Consulting  -,Tech Lead Data Engineering,"Nasr City,",0,2 months,Data engineer,"·,ETL,·,Hadoop,·,Python,·,SQL",
Fixed Solutions -,Presales Engineer,"Cairo,",0,,Data engineer,"·,Pre-Sales,·,sales skills,·,Science,·,Software,·,Software Development,·,Computer Science",
Fixed Solutions -,Senior Network Security Engineer,"Cairo,",0,,Data engineer,"·,Information Technology (IT),·,Installation,·,Networks,·,Computer Science,·,Network Security,·,Maintenance",
Quantanite -,AI Engineer,"Maadi,",0,14 days,Data engineer,"·,AI,·,Algorithms,·,Computer Science,·,Information Technology (IT),·,Python,·,Software",
Alshaya -,Senior Manager - Data Analytics,"Nasr City,",0,,Data engineer,"·,CRM,·,Quantitative Research,·,Commercial Analysis,·,Performance Measurement,·,Loyalty Programme,·,Performance Analytics,·,Loyalty Programme Analytics",
Softec Technologies -,Software Application Support Engineer,"Maadi,",0,,Data engineer,"·,Technical Support,·,Information Technology (IT),·,Computer Science,·,Troubleshooting,·,Networking,·,English",
Bouri Group -,Process Engineer (Plastic Injection Molding),"New Cairo,",0,,Data engineer,"·,Process Improvement,·,Mechanical,·,Industrial,·,plastic injection,·,Injection molding,·,Plastic Injection Molding",
GLC Paints -,Surveying and Drawing Engineer,"Obour City,",0,,Data engineer,"·,3D,·,Architecture,·,AutoCAD,·,Civil,·,Communication,·,Drawing",
Al Ateeq Software -,Software Tester,"New Nozha,",0,14 days,software,"·,Information Technology (IT),·,Quality Control,·,Testing,·,ISTQB,·,Computer Science",
Tafeel -,Software Quality Control Lead,"Nasr City,",0,13 days,software,"·,Automation,·,Automation Testing,·,Agile,·,Computer Science,·,Information Technology (IT),·,ISTQB,·,Quality Control",
Egyptian Company for Cosmetics -,Procurement specialist ( IT & Software ),"Nasr City,",0,14 days,software,"·,Procurement,·,Purchasing,·,Negotiation,·,IT procurement",
Naba Soft  -,Software Tester,"Nasr City,",0,15 days,software,"·,Information Technology (IT),·,Quality Control,·,Tester,·,Computer Science",
Ultimate Solutions Egypt -,Senior Software Tester,"Sheikh Zayed,",0,15 days,software,"·,Computer Science,·,Information Technology (IT),·,Selenium,·,API",
Mint-Ops -,Software Project Manager,"Nasr City,",0,,software,"·,JIRA,·,Slack,·,Gitlab,·,FigJam,·,Figma,·,Confluence,·,Google Docs,·,Google Sheets",
CompactSoft International  -,Software Sales Account Manager - ERP SYSTEMS,"Nasr City,",0,,software,"·,sales skills,·,Customer Service,·,Experience,·,Sales Target,·,Sales,·,communications",
Nacita -,Full-stack Software Engineer,"Cairo,",0,17 days,software,"·,full-stack engineer,·,angular,·,Agile,·,Java,·,nodejs,·,Kubernetes,·,Google Cloud",
Nacita -,Quality Software Engineer,"Giza,",0,17 days,software,"·,Agile,·,Computer Science,·,Engineering,·,Information Technology (IT),·,Programming,·,Java",
Amit Learning -,Software Testing Instructor,"Maadi,",0,18 days,software,"·,Selenium,·,Automation,·,Java,·,Testing,·,ISTQB,·,JavaScript",
eVision -,Software Developer,"New Cairo,",0,18 days,software,"·,APIs,·,Computer Science,·,Java,·,RESTful,·,SQL,·,Engineering",
Off-Beat -,Junior Embedded Software Engineer,"Heliopolis,",0,20 days,software,"·,Programming,·,Embedded Systems,·,Computer Science",
Specialized Seamless Services  -,Software Engineer,"Cairo,",0,20 days,software,"·,CCNA,·,mssa,·,Radiology Information System,·,Computer Science,·,Information Technology (IT),·,SQL",
Sourcya -,Software Project Manager,"Alexandria,",0,13 days,software,"·,Microsoft Project,·,Project Management,·,Agile,·,Scrum,·,Asana,·,Trello,·,Negotiation,·,Computer Science",
Confidential -,"Software Engineer "" Website Back End ""","Maadi,",0,19 days,software,"·,Computer Science,·,Information technology,·,Information Technology (IT),·,Odoo,·,English,·,back-end",
MEAHCO - Saudi German Health -,Value-Based Healthcare Analytics Specialist,"Maadi,",0,14 days,python,"·,SQL,·,SAS,·,Tableau,·,Power BI,·,QlikView,·,Microsoft Excel,·,Microsoft Azure,·,AWS",
Cultiv -,IoT/PCB Lab Specialist - ASSUIT,"New Assuit,",0,11 days,python,"·,EAGLE,·,Altium,·,Proteus,·,Electrical Engineering,·,C,·,Electronics,·,Embedded Systems,·,Hardware,·,IOT",
Cultiv -,IoT /PCB Lab Specialist - BORG,"Bourj Alarab,",0,11 days,python,"·,EAGLE,·,Altium,·,Proteus,·,Electrical Engineering,·,Embedded Systems,·,Hardware,·,IOT,·,PCB",
Kandil Industries -,Odoo Developer,"Nasr City,",0,,python,"·,Odoo,·,Information Technology (IT),·,Computer Science",
softprimes -,Odoo Sales Account Manager,"Nasr City,",0,,python,"·,Odoo,·,B2B Sales,·,B2B,·,Business Development,·,Negotiation,·,Sales Target,·,CRM,·,Customer Service",
Storlytics  -,Renewable Energy Engineer,"Cairo,",0,17 days,python,"·,English,·,AutoCAD,·,Electrical Engineering,·,Renewable Energy,·,Power,·,PVsyst",
Confidential -,Financial Analyst,"Cairo,",0,,python,"·,Accounting,·,Commerce,·,Analyst,·,Analysis,·,Finance,·,Financial Analysis,·,Planning",
Quantanite -,AI Engineer,"Maadi,",0,14 days,python,"·,AI,·,Algorithms,·,Computer Science,·,Information Technology (IT),·,Engineering,·,Software",
34ML -,Cloud Infrastructure Engineer,"Heliopolis,",0,,python,"·,Software Development,·,Information Technology (IT),·,Web Development,·,Computer Engineering,·,Software Engineering,·,PHP,·,Laravel,·,Image Recognition",
Groupe- Atlantic -,Assembly process Engineer,"10th of Ramadan City,",0,14 days,python,"·,Engineering,·,Mechanical Engineering,·,Production,·,Process,·,Manufacturing,·,Process Improvement,·,Six Sigma",
Aldabboos Group     -,Odoo Developer,"Sheraton,",0,13 days,python,"·,Odoo Development,·,Odoo,·,Mobile Development,·,REST,·,Software,·,Information Technology (IT)",
HYVE Technology Consulting  -,Data Scientist,"Cairo,",0,18 days,python,"·,Computer Science,·,Data,·,Data Science,·,data scientist,·,Engineering,·,Hadoop,·,Information Technology (IT),·,Java",
HYVE Technology Consulting  -,Data Engineer,"Cairo,",0,18 days,python,"·,Computer Engineering,·,Computer Science,·,Data Mining,·,Data,·,Database,·,Engineering,·,Ibm,·,Information Technology (IT)",
TopLine  -,Senior Linux System Administrator,"Cairo,",0,18 days,python,"·,AWS,·,Computer Science,·,Information Technology (IT),·,Linux,·,Maintenance,·,SQL,·,System Administration",
Jessour Misr -,Odoo Developer,"Abu Rawash,",0,18 days,python,"·,ERP,·,Computer Science,·,Information Technology (IT),·,Odoo,·,Development",
E-Jawdah -,Senior Back-End,"Nasr City,",0,19 days,backend,"·,PHP,·,Git,·,HTML,·,RESTful APIs.",
Alexandria For Programming -,Asp.Net Core / Dot Net Back-end Developer - Internship,"Bolkly,",0,14 days,backend,"·,.Net,·,ASP,·,ASP.Net,·,Computer Science,·,C#,·,API,·,Database Design,·,Database,·,Information Technology (IT)",
"Telecom Systems Provider, LLC -",Backend Developer,"Maadi,",0,20 days,backend,"·,CI/CD,·,Android,·,Computer Science,·,Software Engineering,·,Software,·,iOS,·,REST,·,Development,·,Information Technology (IT)",
Charisma Design -,Backend Developer,"Nasr City,",0,24 days,backend,"·,Agile,·,Computer Science,·,API,·,Information Technology (IT),·,PHP,·,Laravel,·,Software Development",
SellAbroad -,Backend Engineer,"New Cairo,",0,1 month,backend,"·,Node.js,·,APIs,·,Agile,·,NoSQL,·,SQL,·,RESTful,·,graphql",
Softxpert Incorporation  -,Backend Developer ( PHP & Laravel ),"Alexandria,",0,1 month,backend,"·,Computer Science,·,Engineering,·,Information Technology (IT),·,Laravel,·,Software,·,Software Development,·,Software Engineering,·,PHP",
MIBA LLC -,Full-Stack Developer (Front-End & Back-End),"10th of Ramadan City,",0,1 month,backend,"·,c++,·,CSS,·,HTML,·,MongoDB,·,Python,·,Node.js,·,JavaScript",
EZeats  -,Senior Backend Developer,"Heliopolis,",0,1 month,backend,"·,Computer Science,·,Information Technology (IT),·,Software Development,·,Engineering,·,Development,·,AWS,·,Node.js",
WTDD -,Backend Developer,"6th of October,",0,2 months,backend,"·,APIs,·,Node.js,·,PostgreSQL,·,MongoDB,·,OAuth,·,RBAC,·,RESTful APIs,·,GraphQL",
Bnaia -,Senior Backend Developer PHP,"Maadi,",0,2 months,backend,"·,Computer Science,·,CSS,·,Git,·,Software Development,·,HTML,·,Information Technology (IT),·,Laravel",
OTIC -,Python Backend Developer – AI & Chatbots,"New Cairo,",0,2 months,backend,"·,Database,·,Computer Science,·,Azure,·,APIs,·,Software Development,·,Oracle,·,Python,·,Django",
Gahbiz.com -,Web Developer,"Sidi Gaber,",0,,backend,"·,API,·,Computer Science,·,Development,·,front-end,·,Information Technology (IT),·,Js,·,Laravel,·,Node.js",
Holix -,Full-Stack Developer (Next.js & NestJS),"Cairo,",0,,backend,"·,HTML5,·,Git,·,API,·,CSS3,·,React,·,MongoDB,·,SEO",
النورس للتجاره  -,Senior Backend Developer (PHP & Laravel) - Web Applications,"New Nozha,",0,2 months,backend,"·,AWS,·,Computer Science,·,Design,·,Git,·,Information Technology (IT),·,Laravel,·,MySQL",
DOT Information Technology -,Senior Backend Developer,"New Cairo,",0,2 months,backend,"·,C#,·,MVC,·,ASP.NET Core,·,MS SQL Server,·,Microsoft Azure,·,Azure DevOps Server",
Dash Code -,Senior Front-End Developer,"Cairo,",0,2 months,frontend,"·,CSS,·,HTML,·,Git,·,Information Technology (IT),·,Sass,·,JavaScript,·,Web Development,·,back-end",
Quanvex -,Senior Front-End Developer – React (Remote),"New Assuit,",0,1 month,frontend,"·,React,·,HTML,·,CSS,·,JavaScript,·,Agile,·,Information Technology (IT),·,Software Development,·,Web Design",
Bnaia -,Senior Front-End Developer,"Maadi,",0,2 months,frontend,"·,API,·,Computer Science,·,CSS,·,CSS3,·,Git,·,HTML",
WANAGG -,Front-End Developer (Angular),"Cairo,",0,2 months,frontend,"·,Angular,·,Computer Science,·,developer,·,Information Technology (IT),·,Software Development",
Enhanced Genetics AI -,Front-End Developer (Angular) – AI & Azure HealthTech Platform,"Medellin,",0,2 months,frontend,"·,Angular,·,Azure",
Brain Box -,Frontend Developer (TypeScript/JavaScript – Svelte & React),"New Cairo,",0,2 months,frontend,"·,Front end,·,Svelte,·,Typescript,·,JavaScript,·,CSS,·,Software Development,·,Computer Science,·,Development",
Al Ateeq Software -,Senior Front End Developer,"Heliopolis,",0,,frontend,"·,Angular,·,Communication skills,·,Computer Science,·,Information Technology (IT),·,Software Engineering,·,UI/UX,·,Development",
Our Education -,Senior PHP Developer (Laravel),"Nasr City,",0,,frontend,"·,PHP,·,Computer Science,·,Laravel,·,HTML5,·,CSS3,·,MVC,·,Programming,·,javaScript",
Sulfah -,Senior Frontend Developer (Vue.js),"Maadi,",0,2 months,frontend,"·,Information Technology (IT),·,Programming,·,Software Engineering,·,Software Development,·,Computer Science,·,CSS3,·,English",
Expert Apps -,Senior UI/UX Designer,"Maadi,",0,,frontend,"·,UI,·,UI/UX,·,UX,·,Design,·,Android,·,Web Development,·,UI Design",
Holix -,Full-Stack Developer (Next.js & NestJS),"Cairo,",0,,frontend,"·,HTML5,·,Git,·,API,·,CSS3,·,React,·,MongoDB,·,SEO",
Gahbiz.com -,Web Developer,"Sidi Gaber,",0,,frontend,"·,API,·,backend,·,Computer Science,·,Development,·,Information Technology (IT),·,Js,·,Laravel,·,Node.js",
Monglish Academy -,Front End Developer,"Alexandria,",0,12 days,frontend,"·,Information Technology (IT),·,Software Development",
Algoriza -,Senior Full Stack Developer ( Node Js & React),"Giza,",0,,frontend,"·,AWS,·,Computer Science,·,CSS,·,HTML,·,Information Technology (IT),·,JavaScript",
Confidential -,Senior Frontend Developer,"Cairo,",0,2 months,frontend,"·,React,·,CSS3,·,HTML5,·,JavaScript",
Scope IMS -,Sales Engineer,"Heliopolis,",0,,Data engineer,"·,Sales,·,Business Development,·,sales skills,·,Account Management,·,Electrical,·,Marketing",
SANA SOFT -,VOIP & Linux Systems Engineer,"Cairo,",0,12 days,Data engineer,"·,Apache,·,CentOS,·,Communication,·,Computer Science,·,DNS,·,Information Technology (IT),·,Linux,·,MySQL",
Amer Vision Group -,Technical Office Civil Engineer,"Sheraton,",0,,Data engineer,"·,Civil,·,AutoCAD,·,Management,·,Time Management,·,Projects",
Confidential -,Value Engineer,"Riyadh,",0,12 days,Data engineer,"·,Project Management,·,Cost Control,·,Primavera,·,Software,·,Construction",
Hamza Group -,Sales Engineer,"Dokki,",0,,Data engineer,"·,CRM,·,Communication,·,English,·,Mechanical,·,Microsoft Office,·,Pumps",
Confidential -,Firefighting & Mechanical Systems Technical Office Engineer,"Shorouk City,",0,10 days,Data engineer,"·,Firefighting,·,AutoCAD,·,Communication skills,·,Design,·,English",
Confidential -,Fire alarm & Control Systems Design Engineer,"Shorouk City,",0,10 days,Data engineer,"·,CCTV,·,Communication,·,Communication skills,·,Control,·,Design",
Confidential -,Lightning Protection System Engineer,"Shorouk City,",0,10 days,Data engineer,"·,Lightning protection,·,AutoCAD,·,Design,·,English",
Nesstra Egypt  -,Quality Control Engineer ( LV Panels,"6th of October,",0,9 days,Data engineer,"·,quality,·,Quality Assurance,·,Quality Control,·,Production,·,Low Voltage Panels",
Yes Pac -,Mechanical Maintenance Engineer,"6th of October,",0,,Data engineer,"·,equipment,·,Machines,·,Maintenance,·,Manufacturing,·,Mechanical,·,Printing,·,Drawings",
Confidential -,Senior Electrical Desing Engineer,"Heliopolis,",0,10 days,Data engineer,"·,Design,·,Electrical",
Constructive -,Junior Mechanical Site Engineer,"Sheikh Zayed,",0,,Data engineer,"·,Mechanical,·,HVAC,·,mechanical site,·,Site",
M&A Glass Processing Company  -,Fresh Production/ Furnace Engineer,"6th of October,",0,11 days,Data engineer,"·,Manufacturing,·,Production,·,Mechanical",
TIC -,"Planning , Quality Control and Cost Control Engineers","Cairo,",0,9 days,Data engineer,"·,Cost Control,·,Planning,·,Quality Control,·,Construction,·,Communication,·,Civil,·,Architecture",
Super Pack for Engineering Industries -,Design Engineer,"6th of October,",0,,Data engineer,"·,Computer Science,·,CAD,·,CAD Software,·,Design,·,Information Technology (IT),·,Mechanical",
Lumin -,Senior AI Engineer,"Sheikh Zayed,",0,,Machine learning,"·,AI,·,Artificial Intelligence,·,Computer Vision,·,TensorFlow,·,Python,·,Computer Science,·,Programming,·,PyTorch",
34ML -,Cloud Infrastructure Engineer,"Heliopolis,",0,,Machine learning,"·,Software Development,·,Information Technology (IT),·,Web Development,·,Computer Engineering,·,Software Engineering,·,PHP,·,Laravel,·,Image Recognition",
Quantanite -,AI Engineer,"Maadi,",0,14 days,Machine learning,"·,AI,·,Algorithms,·,Computer Science,·,Information Technology (IT),·,Engineering,·,Python,·,Software",
Get AI Driven -,AI Solutions Architect,"Cairo,",0,16 days,Machine learning,"·,AI,·,Architecture,·,Computer Engineering,·,APIs,·,Computer Science,·,DevOps,·,Engineering,·,English,·,JavaScript",
compsoft -,AI & Software Trainer,"Giza,",0,21 days,Machine learning,"·,Computer Science,·,Information Technology (IT),·,Software,·,Software trainer,·,AI,·,Software Engineering,·,Big Data",
Green Foods -,IT and AI Specialiat,"Cairo,",0,1 month,Machine learning,"·,AI,·,computer,·,Computer Science,·,Information Technology (IT)",
Syad Tech -,AI Developer,"Cairo,",0,2 months,Machine learning,"·,AI,·,software configration,·,Computer Vision,·,Computer Science,·,Information Technology (IT),·,Software Development,·,Programming",
Mobility Pro DMCC -,Senior Data Analyst,"Azarita,",0,2 months,Machine learning,"·,Data Analysis,·,Data Science,·,Microsoft Excel,·,Power BI,·,SQL,·,Python,·,Statistics",
DOT Information Technology -,Senior Data Scientist,"New Cairo,",0,2 months,Machine learning,"·,Information Technology (IT),·,Programming,·,NLP",
Etkaan  -,Technical sales Manager,"Hadayek Alahram,",0,,Machine learning,"·,Engineering,·,Packaging,·,Applied Arts,·,Sales,·,Science,·,Marketing,·,Technical Sales",
Global Brands -,Senior AI Developer,"New Cairo,",0,21 days,Machine learning,"·,AWS,·,APIs,·,Information Technology (IT),·,Python,·,Java,·,Software Development,·,Software,·,Computer Science",
Fixed Solutions -,Presales Engineer,"Cairo,",0,,Machine learning,"·,Pre-Sales,·,Sales engineer,·,sales skills,·,Science,·,Software,·,Software Development,·,Computer Science",
HYVE Technology Consulting  -,Data Scientist,"Cairo,",0,18 days,Machine learning,"·,Computer Science,·,Data,·,Data Science,·,data scientist,·,Engineering,·,Hadoop,·,Information Technology (IT),·,Java,·,Python",
MEAHCO - Saudi German Health -,Value-Based Healthcare Analytics Specialist,"Maadi,",0,14 days,Machine learning,"·,SQL,·,python development,·,SAS,·,Tableau,·,Power BI,·,QlikView,·,Microsoft Excel,·,Microsoft Azure,·,AWS",
Alshaya -,Senior Manager - Data Analytics,"Nasr City,",0,,Machine learning,"·,Data Analytics,·,CRM,·,Quantitative Research,·,Commercial Analysis,·,Performance Measurement,·,Loyalty Programme,·,Performance Analytics,·,Loyalty Programme Analytics",
Lumin -,Senior AI Engineer,"Sheikh Zayed,",0,,Ai,"·,Artificial Intelligence,·,Computer Vision,·,Machine Learning,·,TensorFlow,·,Python,·,Computer Science,·,Programming,·,PyTorch",
Confidential -,"Full-Stack AI Tool Developer (React, Next.js, PostgreSQL, AWS Lambda)","New Cairo,",0,,Ai,"·,APIs,·,API,·,AWS,·,Computer Science,·,Full-Stack,·,Engineering,·,HTML,·,Information Technology (IT)",
Confidential -,AI Prompt and Business Integrator - Full Time Remotely,"Sidi Bishr,",0,10 days,Ai,"·,Software Development",
Confidential -,Sales Representative (AI & Automation Solutions) - Dubai,"Dubai,",0,,Ai,"·,Sales,·,Business Development,·,sales skills,·,Sales Target,·,Sales Field,·,Sales Planning,·,B2B,·,Communication",
Confidential -,Sales Representative (AI & Automation Solutions),"New Cairo,",0,,Ai,"·,Sales,·,Business Development,·,sales skills,·,Sales Target,·,Sales Field,·,Sales Planning,·,B2B,·,SaaS",
Get AI Driven -,AI Solutions Architect,"Cairo,",0,16 days,Ai,"·,Architecture,·,Computer Engineering,·,APIs,·,Computer Science,·,DevOps,·,Engineering,·,English,·,JavaScript",
Quantanite -,AI Engineer,"Maadi,",0,14 days,Ai,"·,Algorithms,·,Computer Science,·,Information Technology (IT),·,Engineering,·,Python,·,Software",
Quantanite -,Quality Assurance– Speech Analytics & AI,"Maadi,",0,,Ai,"·,Analysis,·,business,·,CRM,·,Microsoft Excel,·,Data,·,Quality Assurance,·,quality,·,analytical",
Softec Technologies -,Python Team Lead - AI & Python Engineering,"Cairo,",0,19 days,Ai,"·,API,·,AWS,·,Communication skills,·,Computer Science,·,Development,·,Docker,·,Engineering",
compsoft -,AI & Software Trainer,"Giza,",0,21 days,Ai,"·,Computer Science,·,Information Technology (IT),·,Software,·,Software Engineering,·,Big Data",
Global Brands -,Senior AI Developer,"New Cairo,",0,21 days,Ai,"·,AWS,·,APIs,·,Information Technology (IT),·,Python,·,Java,·,Software Development,·,Software,·,Computer Science",
Green Foods -,IT and AI Specialiat,"Cairo,",0,1 month,Ai,"·,computer,·,Computer Science,·,Information Technology (IT),·,Machine Learning",
Epic Systems -,AI Engineer – Arabic OCR Specialist,"Zamalek,",0,1 month,Ai,"·,Arabic,·,Computer Science,·,Engineering,·,English",
Syad Tech -,AI Developer,"Cairo,",0,2 months,Ai,"·,software configration,·,Computer Vision,·,Computer Science,·,Information Technology (IT),·,Machine Learning,·,Software Development,·,Programming",
OTIC -,Python Backend Developer – AI & Chatbots,"New Cairo,",0,2 months,Ai,"·,Python Backend Developer,·,Database,·,Computer Science,·,Azure,·,APIs,·,Software Development,·,Oracle,·,Python,·,Django",
34ML -,Cloud Infrastructure Engineer,"Heliopolis,",0,,Cloud,"·,Software Development,·,Information Technology (IT),·,Web Development,·,Computer Engineering,·,Software Engineering,·,PHP,·,Laravel,·,Image Recognition",
EXALT Technologies  -,Senior Cloud Solution Architect,"Sheraton,",0,1 month,Cloud,"·,Computer Science,·,DevOps,·,Engineering,·,Information Technology (IT),·,Infrastructure,·,Linux",
Specialized Seamless Services  -,Oracle Fusion Cloud ERP Developer,"Heliopolis,",0,1 month,Cloud,"·,Oracle Database,·,Oracle PL/SQL",
Seoudi Supermarket -,Senior Cloud administrator,"Sheikh Zayed,",0,2 months,Cloud,"·,Business Administration,·,Computer Science,·,Engineering,·,Information Technology (IT),·,Management,·,MCSA,·,MCSE",
Algoriza -,Senior Devops Engineer,"Giza,",0,,Cloud,"·,Azure,·,AWS,·,Computer Science,·,DevOps,·,Docker,·,Engineering,·,Information Technology (IT)",
Exceed -,DevOps Engineer,"Cairo,",0,11 days,Cloud,"·,CI/CD,·,Computer Science,·,DevOps,·,Docker,·,Information Technology (IT),·,Jenkins,·,Kubernetes",
Future Face -,Senior Pre-Sales Engineer,"Nasr City,",0,,Cloud,"·,Presales,·,Information Technology (IT),·,Computer Engineering,·,Communication skills,·,Engineering,·,Software Development",
Efada Technology -,System Engineer,"New Cairo,",0,14 days,Cloud,"·,Active Directory,·,Azure,·,Engineering,·,Information Technology (IT),·,Communication skills,·,MCSA",
Leader Group -,Sr. Presales Consultant,"Giza,",0,,Cloud,"·,Presales,·,Information Technology (IT),·,RFPs,·,Infrastructure as a Service,·,ERP Software,·,Software Solutions,·,ERP Solutions",
My Business Care Team -,Senior Developer/Manager (Full-Stack + ML Ops),"Cairo,",0,19 days,Cloud,"·,AWS,·,Information Technology (IT),·,Software,·,Software Development,·,DevOps,·,Lambda,·,EC2,·,DynamoDB",
K Line Europe -,IT Systems Administrator,"Cairo,",0,19 days,Cloud,"·,AWS,·,Infrastructure,·,Information Technology (IT),·,System Administration,·,Virtualization technologies,·,Computer Science",
Nacita -,Full-stack Software Engineer,"Cairo,",0,17 days,Cloud,"·,full-stack engineer,·,software engineeer,·,angular,·,Agile,·,Java,·,nodejs,·,Kubernetes",
Confidential -,Full Stack Team Lead,"Dubai,",0,18 days,Cloud,"·,Azure,·,back-end,·,Development,·,Information Technology (IT),·,HTML,·,Computer Science,·,CSS,·,Java",
Egpay -,Devops Engineer,"Maadi,",0,24 days,Cloud,"·,DevOps,·,CI/CD,·,Engineering,·,Software Engineering,·,Docker,·,Information Technology (IT),·,Computer Science",
IT Cores -,Senior IT Solutions - Hardware Sales Executive,"Heliopolis,",0,19 days,Cloud,"·,Communication,·,Communication skills,·,Hardware,·,Information Technology (IT),·,Negotiation,·,network,·,Light Current",
Midocean University -,Senior DevOps Engineer,"Cairo,",0,,Devops,"·,AWS,·,Docker,·,Kubernetes",
Algoriza -,Senior Devops Engineer,"Giza,",0,,Devops,"·,Azure,·,AWS,·,Cloud,·,Computer Science,·,Docker,·,Engineering,·,Information Technology (IT)",
Route ِAcademy -,Devops Instructor,"Alexandria,",0,11 days,Devops,"·,Communication & Presentation Skills",
Royal Cyber -,Senior Devops Engineer,"Riyadh,",0,12 days,Devops,"·,CI/CD,·,Kubernetes,·,Jenkins,·,Docker,·,Ansible,·,Kubernete,·,CICD,·,Github",
Exceed -,DevOps Engineer,"Cairo,",0,11 days,Devops,"·,CI/CD,·,Cloud,·,Computer Science,·,Docker,·,Information Technology (IT),·,Jenkins,·,Kubernetes",
Egpay -,Devops Engineer,"Maadi,",0,24 days,Devops,"·,CI/CD,·,Engineering,·,Software Engineering,·,Docker,·,Information Technology (IT),·,Computer Science",
Bydotpy -,DevOps Engineer,"Maadi,",0,2 months,Devops,"·,AWS,·,CI/CD,·,Docker,·,Jenkins,·,Kubernetes,·,Azure",
Bevatel -,Senior Devops Engineer,"Dokki,",0,2 months,Devops,"·,Kubernetes,·,Terraform,·,Google Cloud,·,GCP,·,Cloud,·,Computer Science,·,Information Technology (IT),·,CI/CD",
MOBILY INFOTECH LTD INDIA -,Devops Engineer,"Cairo,",0,2 months,Devops,,
Seoudi Supermarket -,Senior Devops Engineer,"Sheikh Zayed,",0,2 months,Devops,"·,Engineering,·,Information Technology (IT),·,Linux,·,Python,·,Software,·,Software Development,·,Git",
34ML -,Cloud Infrastructure Engineer,"Heliopolis,",0,,Devops,"·,Software Development,·,Information Technology (IT),·,Web Development,·,Computer Engineering,·,Software Engineering,·,PHP,·,Laravel,·,Image Recognition",
Guestna -,Software Development Manager - Remote (Full Time / Part Time),"Riyadh,",0,10 days,Devops,"·,Computer Science,·,Software Development,·,Development,·,APIs,·,Agile,·,Information Technology (IT),·,Software Engineering,·,Software",
Confidential -,Frontend Team Lead,"Smouha,",0,17 days,Devops,"·,Agile Scrum,·,Angular,·,Communication skills,·,JavaScript,·,UI/UX design,·,Dockerm Kubernetes",
My Business Care Team -,Senior Developer/Manager (Full-Stack + ML Ops),"Cairo,",0,19 days,Devops,"·,AWS,·,Information Technology (IT),·,Software,·,Software Development,·,Cloud,·,Lambda,·,EC2,·,DynamoDB",
Get AI Driven -,AI Solutions Architect,"Cairo,",0,16 days,Devops,"·,AI,·,Architecture,·,Computer Engineering,·,APIs,·,Computer Science,·,Engineering,·,English,·,JavaScript",
Holix -,Full-Stack Developer (Next.js & NestJS),"Cairo,",0,,full stack,"·,HTML5,·,Git,·,API,·,CSS3,·,React,·,MongoDB,·,SEO",
Smicolon GmbH -,Senior Full Stack Engineer,"Munich,",0,,full stack,"·,Git,·,Computer Science,·,APIs,·,Information Technology (IT),·,Java,·,JavaScript",
Confidential -,"Full-Stack AI Tool Developer (React, Next.js, PostgreSQL, AWS Lambda)","New Cairo,",0,,full stack,"·,APIs,·,API,·,AWS,·,Computer Science,·,Engineering,·,HTML,·,Information Technology (IT)",
Confidential -,Full Stack Developer,"Cairo,",0,,full stack,"·,next.js,·,tailwind,·,React.js,·,React js,·,Js,·,JavaScript,·,Node.js,·,node",
Algoriza -,Senior Full Stack Developer ( Node Js & React),"Giza,",0,,full stack,"·,AWS,·,Computer Science,·,CSS,·,front-end,·,HTML,·,Information Technology (IT),·,JavaScript",
CodeCooks -,Full Stack Developer,"New Cairo,",0,13 days,full stack,"·,Information Technology (IT),·,Computer Science,·,Software Development",
Mint-Ops -,Full Stack Developer,"Nasr City,",0,,full stack,"·,Agile,·,CSS,·,Development,·,Git,·,JavaScript,·,Node.js,·,JIRA,·,Slack,·,PostgreSQL",
Ocyan -,Full Stack Developer (Nuxt.js),"Alexandria,",0,,full stack,"·,Vue.js,·,RESTful APIs,·,SQL,·,ORM,·,Git,·,Responsive Design,·,API,·,Computer Science",
ICIS -,Senior Full Stack Developer .Net + Angular,"New Cairo,",0,,full stack,"·,Engineering,·,Computer Science,·,Information Technology (IT),·,Oracle,·,SQL,·,Asp.Net,·,MVC,·,HTML5",
CM Smart Contracting and consultation -,Full Stack Developer,"Mokattam,",0,17 days,full stack,"·,Computer Science,·,Information Technology (IT),·,MySQL,·,Node.js,·,React.js,·,Software Development,·,Software Engineering,·,Engineering",
Nacita -,Full-stack Software Engineer,"Cairo,",0,17 days,full stack,"·,software engineeer,·,angular,·,Agile,·,Java,·,nodejs,·,Kubernetes,·,Google Cloud",
Yodawy Med -,Junior Full Stack Developer,"Mohandessin,",0,18 days,full stack,"·,Computer Science,·,Engineering,·,Software Development,·,Software Engineering,·,JavaScript",
Confidential -,"Senior Full Stack Developer (.NET core , Angular 8+) Onsite","Nasr City,",0,9 days,full stack,"·,Information Technology (IT),·,Software Development,·,Software Engineering,·,OOP,·,ASP.NET,·,C#.Net,·,ADO.NET,·,SQL",
Ultimate Solutions Egypt -,Senior Full Stack Developer,"Sheikh Zayed,",0,15 days,full stack,"·,Angular,·,API,·,Computer Science,·,Design,·,CSS3,·,Development,·,Docker",
Aria Systems -,Senior .Net Full Stack Developer,"Maadi,",0,10 days,full stack,"·,Information Technology (IT),·,Telecommunication,·,Computer Science,·,.NET,·,.NET Development,·,Angular,·,CSS,·,HTML5",
My Business Care Team -,Senior Developer/Manager (Full-Stack + ML Ops),"Cairo,",0,19 days,Machine learning,"·,AWS,·,Information Technology (IT),·,Software,·,Software Development,·,DevOps,·,Cloud,·,Lambda,·,EC2,·,DynamoDB",
Zahranco Engineering Trade -,Production Engineer,"Badr City,",0,21 days,Machine learning,"·,engineer,·,Engineering,·,Manufacturing,·,Mechanical Engineering,·,Production,·,Production engineer",
Selah ElTelmeez For Publishing & printing -,CTP Manager,"Obour City,",0,18 days,Machine learning,"·,Manufacturing,·,Manufacturing Process,·,Manufacturing Industry,·,Operations Management",
Selah ElTelmeez For Publishing & printing -,Senior Cost Accountant (Manufacturing Industry),"Obour City,",0,21 days,Machine learning,"·,Accounting,·,analytical,·,Communication,·,Cost Accounting,·,ERP System,·,Finance,·,Financial Management,·,Cost,·,ERP",
Cultiv -,IoT/PCB Lab Specialist - ASSUIT,"New Assuit,",0,11 days,Machine learning,"·,EAGLE,·,Altium,·,Proteus,·,Electrical Engineering,·,C,·,Electronics,·,Embedded Systems,·,Hardware,·,IOT",
Cultiv -,IoT /PCB Lab Specialist - BORG,"Bourj Alarab,",0,11 days,Machine learning,"·,EAGLE,·,Altium,·,Proteus,·,Electrical Engineering,·,Embedded Systems,·,Hardware,·,IOT,·,PCB,·,Python",
AlJoud for Packaging -,Packaging and Wrapping Assistant.,"6th of October,",0,19 days,Machine learning,"·,Packaging,·,Marketing,·,Branding,·,Organizing,·,quality,·,wraping,·,Sales,·,E-Marketing",
CLS Learning Solutions -,Instructors (Min 5 Years Exp.),"Cairo,",0,14 days,Machine learning,"·,Training,·,Teaching,·,Computer Engineering,·,Computer Science,·,Development,·,Education,·,Instructor,·,Science,·,Software",
Intertrade Co.  -,Production Chemist,"10th of Ramadan City,",0,19 days,Machine learning,"·,Chemistry,·,quality,·,Communication skills,·,Microsoft Excel,·,Science,·,Testing,·,Engineering",
Softec Technologies -,Python Team Lead - AI & Python Engineering,"Cairo,",0,19 days,Machine learning,"·,API,·,AWS,·,Communication skills,·,Computer Science,·,Development,·,Docker,·,Engineering",
Alshaya -,Manager - Data Analytics,"Cairo,",0,1 month,Machine learning,"·,Business Analysis,·,Data,·,Reporting,·,Analysis",
Elabd Foods -,Business Analyst,"Abu Rawash,",0,1 month,Machine learning,"·,Agile,·,Analysis,·,analytical,·,Business Analysis,·,Data Analysis,·,Information Technology (IT),·,Python",
Dwell Egypt -,Full Stack Developer,"New Cairo,",0,1 month,Machine learning,"·,Real Estate,·,Computer Science,·,Information Technology (IT),·,Software,·,Java",
ICON Holding -,Production Engineer,"Helwan,",0,1 month,Machine learning,"·,Production,·,Line Operation,·,Steel Sheets,·,Sandwich Panels,·,Fresh Engineer",
Royal Cyber -,Flutter Developer,"Riyadh,",0,1 month,Machine learning,"·,Dart,·,flutter,·,Android,·,iOS,·,APIs,·,Flutter Developer,·,Mobile Development",
Avetti Commerce FZCO -,Nocode Architect / AI Developer,"Heliopolis,",0,2 months,Ai,"·,React.js,·,nextjs,·,software,·,ecommerce,·,Programming Language,·,it,·,Development,·,Software Development,·,Web Development",
Avetti Commerce FZCO -,Java / Spring /Hibernate / AI Developer,"Heliopolis,",0,2 months,Ai,"·,software,·,ecommerce,·,Programming Language,·,it,·,Development,·,Software Development,·,Web Development,·,Web,·,Engineering",
Avetti Commerce FZCO -,React.js / Nextjs / AI Developer,"Heliopolis,",0,2 months,Ai,"·,React.js,·,nextjs,·,software,·,ecommerce,·,Programming Language,·,it,·,Development,·,Software Development,·,Web Development",
Avetti Commerce FZCO -,Website Development / AI Developer,"Heliopolis,",0,2 months,Ai,"·,ecommerce,·,Programming Language,·,it,·,Web Development,·,Web,·,Information Technology (IT),·,CMS,·,WordPress CMS",
Enhanced Genetics AI -,Front-End Developer (Angular) – AI & Azure HealthTech Platform,"Medellin,",0,2 months,Ai,"·,Angular,·,Azure,·,Front-End Developer",
BrickRed Technologies -,Senior Data Scientist / Data Scientist – Data & AI Practice,"Cairo,",0,2 months,Ai,"·,data scientist,·,Data Science",
Profitable Sites Ltd  -,Virtual Assistant/Project Coordinator - AI & Digital Services Focus,"Dahab,",0,2 months,Ai,"·,Google Ads,·,Project Management,·,Assistant,·,Project coordinator,·,Business Administration,·,Admin Assistant,·,google workspace",
AMA Architects -,Architect,"Mohandessin,",0,,Ai,"·,Interior Design,·,Furniture Design,·,Architecture,·,Unreal Engine,·,Autodesk 3ds Max,·,Engineering,·,Sketchup,·,Lumion",
Dora Management Solutions -,Video Editor,"Sheraton,",0,20 days,Ai,"·,adobe,·,Adobe After Effects,·,Editing,·,Adobe Premiere,·,Video Editing,·,Adobe Photoshop,·,Design",
Dora Management Solutions -,Graphic Designer,"Sheraton,",0,18 days,Ai,"·,Adobe Photoshop,·,Adobe illustrator,·,Adobe Lightroom,·,Photo Editing,·,media,·,Graphic Design",
MeetusAR -,Admin & Process Assistant,"Nasr City,",0,29 days,Ai,"·,Recruitment,·,Administration",
3i Vision LTD. -,Software Pre Sales Engineer,"Giza,",0,1 month,Ai,"·,CRM,·,Engineering,·,Microsoft,·,Microsoft Office,·,Presales,·,Sales,·,sales skills",
النورس للتجاره  -,Senior Frontend Developer,"New Nozha,",0,1 month,Ai,"·,Angular,·,Computer Science,·,Design,·,Git,·,CSS,·,HTML,·,Information Technology (IT),·,JavaScript,·,React",
Steps Communications -,Graphic Designer,"Cairo,",0,1 month,Ai,"·,Adobe Photoshop,·,Adobe illustrator,·,Aftereffect,·,Creative,·,Creative Design,·,Time Management,·,Social Media,·,Designer",
Fixed Solutions -,Presales Engineer,"Cairo,",0,,Ai,"·,Pre-Sales,·,Sales engineer,·,sales skills,·,Science,·,Software,·,Software Development,·,Computer Science",
Circle K -,SQL Developer,"Sheraton,",0,24 days,Cloud,"·,MS SQL,·,SQL,·,Information Technology (IT),·,Azure,·,BI",
LMesh -,Full Stack Developer,"Schiedam,",0,1 month,Cloud,"·,AWS,·,Full Stack Development,·,Software Development,·,React,·,Docker,·,JavaScript,·,Node.js",
Efada Technology -,"Software Developer ""Outsourced Cash team""","6th of October,",0,1 month,Cloud,"·,Agile,·,Information Technology (IT),·,Java,·,Software Development,·,Computer Science,·,Agile Methodology,·,AWS",
Viavi Solutions -,L2 Technical Support Engineer (Telecom Sector),"Maadi,",0,1 month,Cloud,"·,Linux,·,Technical Support,·,Telecommunication,·,Troubleshooting,·,Networking,·,JIRA,·,Docker",
Bevatel -,Senior Devops Engineer,"Dokki,",0,2 months,Cloud,"·,Kubernetes,·,Terraform,·,GCP,·,Computer Science,·,DevOps,·,Information Technology (IT),·,CI/CD",
Confidential -,Oracle Application Manager,"Heliopolis,",0,2 months,Cloud,"·,application,·,Application Manager,·,Computer Engineering,·,Computer Science,·,Information Technology (IT),·,Manager,·,Oracle,·,oracle application",
SAS -Partners-amca  -,Full Stack Developer React/Nodejs,"Zamalek,",0,2 months,Cloud,"·,RESTful APIs,·,Express.js,·,Node.js,·,React.js,·,Next.js,·,Git,·,JavaScript",
Efada Technology -,"Senior System Engineer ""Infrastructure""","New Cairo,",0,2 months,Cloud,"·,Automation,·,Azure,·,Computer Engineering,·,Active Directory,·,Engineering,·,Information Technology (IT),·,Infrastructure,·,SQL",
Monglish Academy -,Technology Director,"Cairo,",0,2 months,Cloud,"·,IT,·,Information Technology (IT),·,Computer Science,·,Information technology,·,Engineering,·,Software Engineering,·,Software Development,·,Technology",
Softec Technologies -,Solution Architect,"Maadi,",0,2 months,Cloud,"·,Computer Engineering,·,Computer Science,·,Information Technology (IT),·,Software Development,·,Architecture,·,Software Engineering,·,Software",
Chipverse.ai -,Technical Sales Representative,"Cairo,",0,2 months,Cloud,"·,B2B Sales,·,B2B,·,Sales,·,sales skills,·,Communication,·,Leads,·,Customer Service",
Devency   -,Backend Engineer,"Nozha,",0,,Cloud,"·,Software Development,·,Engineering,·,Typescript,·,Node.js,·,NoSQL,·,SQL,·,Software Engineering,·,backend",
Guestna -,Software Development Manager - Remote (Full Time / Part Time),"Riyadh,",0,10 days,Cloud,"·,Computer Science,·,Software Development,·,DevOps,·,Development,·,APIs,·,Agile,·,Information Technology (IT),·,Software Engineering,·,Software",
Royal Cyber -,Senior Devops Engineer,"Riyadh,",0,12 days,Cloud,"·,CI/CD,·,Kubernetes,·,Jenkins,·,Docker,·,DevOps,·,Ansible,·,Kubernete,·,CICD,·,Github",
Roaya -,Sales Software Account Manager,"Maadi,",0,,Cloud,"·,Computer Science,·,Customer Service,·,Engineering,·,Sales,·,Sales Target,·,Software,·,IT,·,sales skills",
compsoft -,AI & Software Trainer,"Giza,",0,21 days,Devops,"·,Computer Science,·,Information Technology (IT),·,Software,·,Software trainer,·,AI,·,Software Engineering,·,Big Data",
Confidential -,Technical Project Manager (TPM),"Nasr City,",0,1 month,Devops,"·,JIRA,·,click up,·,Trello,·,Asana,·,Version Control:,·,Git, GitHub, GitLab, or Bitbucket,·,Methodologies: Agile, Scrum, Kanban, or Waterfall.",
EXALT Technologies  -,Senior Cloud Solution Architect,"Sheraton,",0,1 month,Devops,"·,Cloud,·,Computer Science,·,Engineering,·,Information Technology (IT),·,Infrastructure,·,Linux",
3D Diagnostix -,Senior Linux System Admin (+3 years experience),"Maadi,",0,1 month,Devops,"·,Linux,·,System Administration,·,Information Technology (IT),·,Network Administration,·,AWS,·,Bash,·,MySQL",
Efada Technology -,"Software Developer ""Outsourced Cash team""","6th of October,",0,1 month,Devops,"·,Agile,·,Information Technology (IT),·,Java,·,Software Development,·,Computer Science,·,Agile Methodology,·,AWS,·,Cloud",
Genie -,Full Stack Developer,"Alsadat City,",0,1 month,Devops,"·,React,·,Django Framework,·,Python,·,tailwindcss,·,Full Stack Developer,·,JavaScript,·,Odoo,·,Computer Science",
HITS Solutions -,Software Developer,"Nasr City,",0,1 month,Devops,"·,Information Technology (IT),·,Computer Science,·,Engineering,·,Computer Engineering,·,Integration,·,Software Development,·,Software Engineering,·,JSON",
DOT Information Technology -,Senior Backend Developer,"New Cairo,",0,2 months,Devops,"·,C#,·,MVC,·,ASP.NET Core,·,MS SQL Server,·,Microsoft Azure",
Confidential -,Technical Project Manager,"Smouha,",0,17 days,Devops,"·,Communication skills,·,PMP,·,Agile,·,JavaScript,·,Engineering,·,Project Management",
Confidential -,Backend Team Lead,"Smouha,",0,17 days,Devops,"·,backend,·,Communication skills,·,Scrum,·,Java,·,Spring Boot,·,Microservices Architecture",
Mint-Ops -,Full Stack Developer,"Nasr City,",0,,Devops,"·,Agile,·,CSS,·,Development,·,Git,·,JavaScript,·,Node.js,·,JIRA,·,Slack,·,PostgreSQL",
DewanSoft -,B2B Sales Executive – Infrastructure SaaS,"Haram,",0,10 days,Devops,"·,B2B Sales,·,business,·,B2B,·,Sales,·,sales skills,·,Sales Target,·,Technical Sales",
Babeleye -,Full Stack Developer,"Maadi,",0,14 days,Devops,"·,Computer Science,·,Engineering,·,Software Development,·,Software Engineering,·,Information Technology (IT),·,Software,·,Laravel,·,jQuery",
Confidential -,QualityAsurance Lead / Test Lead,"Smouha,",0,17 days,Devops,"·,ISTQB,·,Agile,·,Software Development,·,Selenium,·,Cypress,·,CI/CD Integration",
Algoriza -,Senior Full Stack Developer ( Node Js & React),"Giza,",0,,Devops,"·,AWS,·,Computer Science,·,CSS,·,front-end,·,HTML,·,Information Technology (IT),·,JavaScript",
Biobusiness -,.NET Full Stack Developer,"Hadayek Alahram,",0,20 days,full stack,"·,.Net,·,Angular",
HIGHBASE TRADING W.L.L -,Senior Full Stack PHP Laravel Developer (Remote - Full Time),"Cairo,",0,14 days,full stack,"·,PHP,·,HTML5,·,CSS3,·,Laravel,·,MySQL,·,Vue.js,·,Tailwind,·,Front-End Development",
Babeleye -,Full Stack Developer,"Maadi,",0,14 days,full stack,"·,Computer Science,·,Engineering,·,Software Development,·,Software Engineering,·,Information Technology (IT),·,Software,·,Laravel,·,jQuery",
Confidential -,Remote Senior Full-Stack Developer,"Cairo,",0,17 days,full stack,"·,shopify,·,liquid,·,react,·,vue.js,·,html5,·,MySQL,·,JavaScript,·,Figma",
My Business Care Team -,Senior Developer/Manager (Full-Stack + ML Ops),"Cairo,",0,19 days,full stack,"·,AWS,·,Information Technology (IT),·,Software,·,Software Development,·,DevOps,·,Cloud,·,Lambda,·,EC2,·,DynamoDB",
Confidential -,Dot Net Senior Full Stack Developer,"Nasr City,",0,20 days,full stack,"·,HTML,·,Angular,·,DotNet,·,Java,·,Information Technology (IT),·,JavaScript,·,REST",
BI-Technologies -,Full stack Developer (.Net Core & Angular),"New Cairo,",0,20 days,full stack,"·,ASP.NET,·,Software Development,·,.NET,·,Information Technology (IT),·,Computer Science,·,Computer Engineering,·,Database Design,·,Data Modeling",
Confidential -,Full Stack Team Lead,"Dubai,",0,18 days,full stack,"·,Azure,·,back-end,·,Development,·,Information Technology (IT),·,Cloud,·,HTML,·,Computer Science,·,CSS,·,Java",
Confidential -,Full stack developer [PHP - Laravel],"New Cairo,",0,21 days,full stack,"·,Computer Science,·,Software Development,·,Information Technology (IT),·,Software Engineering,·,PHP,·,Python,·,Software",
LMesh -,Full Stack Developer,"Schiedam,",0,1 month,full stack,"·,AWS,·,Cloud,·,Software Development,·,React,·,Docker,·,JavaScript,·,Node.js",
scandiweb -,Junior Full-stack Developer (React.js + PHP)/Alexandria,"Alexandria,",0,1 month,full stack,"·,PHP,·,React.js,·,Vue.js,·,Magento,·,CSS,·,MySQL,·,GraphQL,·,JS,·,Development",
Confidential -,Full Stack Engineer,"Cairo,",0,1 month,full stack,"·,Angular,·,React,·,Python,·,Backend,·,Front End",
Boca Pro  -,Senior Laravel Developer – TALL Stack (Laravel • Livewire • Alpine JS • Tailwind CSS),"Maadi,",0,10 days,full stack,"·,CSS,·,Computer Science,·,PHP,·,Software,·,SQL,·,TailwindCSS,·,AlpineJS,·,Livewire",
Genie -,Full Stack Developer,"Alsadat City,",0,1 month,full stack,"·,React,·,Django Framework,·,Python,·,tailwindcss,·,JavaScript,·,Odoo,·,Computer Science",
Dwell Egypt -,Full Stack Developer,"New Cairo,",0,1 month,full stack,"·,Real Estate,·,Computer Science,·,Information Technology (IT),·,Software,·,Java",
